{
  "NR.AhR": {
    "cv_folds": 3,
    "cv_roc_auc": 0.906851,
    "cv_balanced_accuracy": 0.727218,
    "cv_f1": 0.584001,
    "samples": 610,
    "positive_rate": 0.119672,
    "accuracy": 0.906557,
    "balanced_accuracy": 0.716117,
    "precision": 0.653846,
    "recall": 0.465753,
    "f1": 0.544,
    "roc_auc": 0.910334,
    "train_samples": 8441,
    "test_samples": 610,
    "train_positive_rate": 0.116218
  },
  "NR.AR": {
    "cv_folds": 3,
    "cv_roc_auc": 0.836027,
    "cv_balanced_accuracy": 0.759964,
    "cv_f1": 0.63859,
    "samples": 586,
    "positive_rate": 0.020478,
    "accuracy": 0.977816,
    "balanced_accuracy": 0.58072,
    "precision": 0.4,
    "recall": 0.166667,
    "f1": 0.235294,
    "roc_auc": 0.775116,
    "train_samples": 9654,
    "test_samples": 586,
    "train_positive_rate": 0.039673
  },
  "NR.AR.LBD": {
    "cv_folds": 3,
    "cv_roc_auc": 0.894231,
    "cv_balanced_accuracy": 0.791725,
    "cv_f1": 0.670825,
    "samples": 582,
    "positive_rate": 0.013746,
    "accuracy": 0.9811,
    "balanced_accuracy": 0.497387,
    "precision": 0.0,
    "recall": 0.0,
    "f1": 0.0,
    "roc_auc": 0.787565,
    "train_samples": 8852,
    "test_samples": 582,
    "train_positive_rate": 0.034681
  },
  "NR.Aromatase": {
    "cv_folds": 3,
    "cv_roc_auc": 0.871759,
    "cv_balanced_accuracy": 0.650607,
    "cv_f1": 0.434765,
    "samples": 528,
    "positive_rate": 0.073864,
    "accuracy": 0.929924,
    "balanced_accuracy": 0.549237,
    "precision": 0.666667,
    "recall": 0.102564,
    "f1": 0.177778,
    "roc_auc": 0.81443,
    "train_samples": 7440,
    "test_samples": 528,
    "train_positive_rate": 0.050806
  },
  "NR.ER": {
    "cv_folds": 3,
    "cv_roc_auc": 0.76726,
    "cv_balanced_accuracy": 0.679386,
    "cv_f1": 0.491689,
    "samples": 516,
    "positive_rate": 0.098837,
    "accuracy": 0.910853,
    "balanced_accuracy": 0.618849,
    "precision": 0.619048,
    "recall": 0.254902,
    "f1": 0.361111,
    "roc_auc": 0.800211,
    "train_samples": 7962,
    "test_samples": 516,
    "train_positive_rate": 0.121075
  },
  "NR.ER.LBD": {
    "cv_folds": 3,
    "cv_roc_auc": 0.866165,
    "cv_balanced_accuracy": 0.711534,
    "cv_f1": 0.551572,
    "samples": 600,
    "positive_rate": 0.033333,
    "accuracy": 0.968333,
    "balanced_accuracy": 0.573276,
    "precision": 0.6,
    "recall": 0.15,
    "f1": 0.24,
    "roc_auc": 0.757888,
    "train_samples": 9040,
    "test_samples": 600,
    "train_positive_rate": 0.050442
  },
  "NR.PPAR.gamma": {
    "cv_folds": 3,
    "cv_roc_auc": 0.847494,
    "cv_balanced_accuracy": 0.590048,
    "cv_f1": 0.295413,
    "samples": 605,
    "positive_rate": 0.05124,
    "accuracy": 0.947107,
    "balanced_accuracy": 0.529645,
    "precision": 0.4,
    "recall": 0.064516,
    "f1": 0.111111,
    "roc_auc": 0.768827,
    "train_samples": 8451,
    "test_samples": 605,
    "train_positive_rate": 0.028044
  },
  "SR.ARE": {
    "cv_folds": 3,
    "cv_roc_auc": 0.855629,
    "cv_balanced_accuracy": 0.6384,
    "cv_f1": 0.422463,
    "samples": 555,
    "positive_rate": 0.167568,
    "accuracy": 0.83964,
    "balanced_accuracy": 0.585917,
    "precision": 0.558824,
    "recall": 0.204301,
    "f1": 0.299213,
    "roc_auc": 0.779849,
    "train_samples": 7401,
    "test_samples": 555,
    "train_positive_rate": 0.154844
  },
  "SR.ATAD5": {
    "cv_folds": 3,
    "cv_roc_auc": 0.885228,
    "cv_balanced_accuracy": 0.617501,
    "cv_f1": 0.354334,
    "samples": 622,
    "positive_rate": 0.061093,
    "accuracy": 0.942122,
    "balanced_accuracy": 0.587824,
    "precision": 0.583333,
    "recall": 0.184211,
    "f1": 0.28,
    "roc_auc": 0.807971,
    "train_samples": 9363,
    "test_samples": 622,
    "train_positive_rate": 0.03877
  },
  "SR.HSE": {
    "cv_folds": 3,
    "cv_roc_auc": 0.810422,
    "cv_balanced_accuracy": 0.565848,
    "cv_f1": 0.226063,
    "samples": 610,
    "positive_rate": 0.036066,
    "accuracy": 0.959016,
    "balanced_accuracy": 0.541203,
    "precision": 0.285714,
    "recall": 0.090909,
    "f1": 0.137931,
    "roc_auc": 0.817911,
    "train_samples": 8417,
    "test_samples": 610,
    "train_positive_rate": 0.052038
  },
  "SR.MMP": {
    "cv_folds": 3,
    "cv_roc_auc": 0.933875,
    "cv_balanced_accuracy": 0.754445,
    "cv_f1": 0.638722,
    "samples": 543,
    "positive_rate": 0.110497,
    "accuracy": 0.909761,
    "balanced_accuracy": 0.715735,
    "precision": 0.622222,
    "recall": 0.466667,
    "f1": 0.533333,
    "roc_auc": 0.929055,
    "train_samples": 7558,
    "test_samples": 543,
    "train_positive_rate": 0.156126
  },
  "SR.p53": {
    "cv_folds": 3,
    "cv_roc_auc": 0.885641,
    "cv_balanced_accuracy": 0.643033,
    "cv_f1": 0.429023,
    "samples": 616,
    "positive_rate": 0.066558,
    "accuracy": 0.925325,
    "balanced_accuracy": 0.529629,
    "precision": 0.272727,
    "recall": 0.073171,
    "f1": 0.115385,
    "roc_auc": 0.833849,
    "train_samples": 8903,
    "test_samples": 616,
    "train_positive_rate": 0.063462
  }
}